sequence,field,case_type,document_name,blank_template_url,example_template_url,source_page_url,download_status,local_blank_path,local_example_path,failure_reason,notes
1,criminal,侮辱案,侮辱案刑事（附带民事）自诉状/答辩状,https://www.sdcourt.gov.cn/dzpyfy/393147/393148/393150/43509906/index.html,https://www.sdcourt.gov.cn/dzpyfy/393147/393148/393150/43509906/index.html,https://www.sdcourt.gov.cn/dzpyfy/393147/393148/393150/43509906/index.html,failed,skills/legal-document-drafting/assets/official_reference_only/criminal/2025-67-01-侮辱案.md,,附件名 诽谤案刑事（附带民事）.doc；已尝试 curl -L --http1.1 -k 和 Python urllib 访问法院站点，当前环境返回 SSL_ERROR_SYSCALL/EOF，未能下载原始附件。,C级来源，地方基层法院转载最高法、司法部、全国律协示范文本；需人工或可用网络环境下载核验正文。
2,criminal,诽谤案,诽谤案刑事（附带民事）自诉状/答辩状,https://www.sdcourt.gov.cn/dzpyfy/393147/393148/393150/43509906/index.html,https://www.sdcourt.gov.cn/dzpyfy/393147/393148/393150/43509906/index.html,https://www.sdcourt.gov.cn/dzpyfy/393147/393148/393150/43509906/index.html,failed,skills/legal-document-drafting/assets/official_reference_only/criminal/2025-67-02-诽谤案.md,,附件名 诽谤案刑事（附带民事）.doc；已尝试 curl -L --http1.1 -k 和 Python urllib 访问法院站点，当前环境返回 SSL_ERROR_SYSCALL/EOF，未能下载原始附件。,C级来源，地方基层法院转载最高法、司法部、全国律协示范文本；需人工或可用网络环境下载核验正文。
3,criminal,重婚案,重婚案刑事（附带民事）自诉状/答辩状,https://www.sdcourt.gov.cn/dzpyfy/393147/393148/393150/43509906/index.html,https://www.sdcourt.gov.cn/dzpyfy/393147/393148/393150/43509906/index.html,https://www.sdcourt.gov.cn/dzpyfy/393147/393148/393150/43509906/index.html,failed,skills/legal-document-drafting/assets/official_reference_only/criminal/2025-67-03-重婚案.md,,附件名 重婚案刑事（附带民事）.doc；已尝试 curl -L --http1.1 -k 和 Python urllib 访问法院站点，当前环境返回 SSL_ERROR_SYSCALL/EOF，未能下载原始附件。,C级来源，地方基层法院转载最高法、司法部、全国律协示范文本；需人工或可用网络环境下载核验正文。
4,criminal,拒不执行判决、裁定案,拒不执行判决、裁定案刑事（附带民事）自诉状/答辩状,https://www.sdcourt.gov.cn/dzpyfy/393147/393148/393150/43509906/index.html,https://www.sdcourt.gov.cn/dzpyfy/393147/393148/393150/43509906/index.html,https://www.sdcourt.gov.cn/dzpyfy/393147/393148/393150/43509906/index.html,failed,skills/legal-document-drafting/assets/official_reference_only/criminal/2025-67-04-拒不执行判决-裁定案.md,,附件名 拒不执行判决、裁定案刑事（附带民事）.doc；已尝试 curl -L --http1.1 -k 和 Python urllib 访问法院站点，当前环境返回 SSL_ERROR_SYSCALL/EOF，未能下载原始附件。,C级来源，地方基层法院转载最高法、司法部、全国律协示范文本；需人工或可用网络环境下载核验正文。
5,family,离婚纠纷,离婚纠纷起诉状/答辩状,https://www.sdcourt.gov.cn/dzpyfy/393147/393148/393150/43509906/index.html,https://www.sdcourt.gov.cn/dzpyfy/393147/393148/393150/43509906/index.html,https://www.sdcourt.gov.cn/dzpyfy/393147/393148/393150/43509906/index.html,failed,skills/legal-document-drafting/assets/official_reference_only/family/2025-67-05-离婚纠纷.md,,附件名 离婚纠纷.doc；已尝试 curl -L --http1.1 -k 和 Python urllib 访问法院站点，当前环境返回 SSL_ERROR_SYSCALL/EOF，未能下载原始附件。,C级来源，地方基层法院转载最高法、司法部、全国律协示范文本；需人工或可用网络环境下载核验正文。
6,civil,民间借贷纠纷,民间借贷纠纷起诉状/答辩状,https://www.sdcourt.gov.cn/dzpyfy/393147/393148/393150/43509906/index.html,https://www.sdcourt.gov.cn/dzpyfy/393147/393148/393150/43509906/index.html,https://www.sdcourt.gov.cn/dzpyfy/393147/393148/393150/43509906/index.html,failed,skills/legal-document-drafting/assets/official_reference_only/civil/2025-67-06-民间借贷纠纷.md,,附件名 民间借贷纠纷.doc；已尝试 curl -L --http1.1 -k 和 Python urllib 访问法院站点，当前环境返回 SSL_ERROR_SYSCALL/EOF，未能下载原始附件。,C级来源，地方基层法院转载最高法、司法部、全国律协示范文本；需人工或可用网络环境下载核验正文。
7,commercial,金融借款合同纠纷,金融借款合同纠纷起诉状/答辩状,https://www.sdcourt.gov.cn/dzpyfy/393147/393148/393150/43509906/index.html,https://www.sdcourt.gov.cn/dzpyfy/393147/393148/393150/43509906/index.html,https://www.sdcourt.gov.cn/dzpyfy/393147/393148/393150/43509906/index.html,failed,skills/legal-document-drafting/assets/official_reference_only/commercial/2025-67-07-金融借款合同纠纷.md,,附件名 金融借款合同纠纷.doc；已尝试 curl -L --http1.1 -k 和 Python urllib 访问法院站点，当前环境返回 SSL_ERROR_SYSCALL/EOF，未能下载原始附件。,C级来源，地方基层法院转载最高法、司法部、全国律协示范文本；需人工或可用网络环境下载核验正文。
8,commercial,买卖合同纠纷,买卖合同纠纷起诉状/答辩状,https://www.sdcourt.gov.cn/dzpyfy/393147/393148/393150/43509906/index.html,https://www.sdcourt.gov.cn/dzpyfy/393147/393148/393150/43509906/index.html,https://www.sdcourt.gov.cn/dzpyfy/393147/393148/393150/43509906/index.html,failed,skills/legal-document-drafting/assets/official_reference_only/commercial/2025-67-08-买卖合同纠纷.md,,附件名 买卖合同纠纷.doc；已尝试 curl -L --http1.1 -k 和 Python urllib 访问法院站点，当前环境返回 SSL_ERROR_SYSCALL/EOF，未能下载原始附件。,C级来源，地方基层法院转载最高法、司法部、全国律协示范文本；需人工或可用网络环境下载核验正文。
9,labor,劳动争议纠纷,劳动争议纠纷起诉状/答辩状,https://www.sdcourt.gov.cn/dzpyfy/393147/393148/393150/43509906/index.html,https://www.sdcourt.gov.cn/dzpyfy/393147/393148/393150/43509906/index.html,https://www.sdcourt.gov.cn/dzpyfy/393147/393148/393150/43509906/index.html,failed,skills/legal-document-drafting/assets/official_reference_only/labor/2025-67-09-劳动争议纠纷.md,,附件名 劳动争议纠纷.doc；已尝试 curl -L --http1.1 -k 和 Python urllib 访问法院站点，当前环境返回 SSL_ERROR_SYSCALL/EOF，未能下载原始附件。,C级来源，地方基层法院转载最高法、司法部、全国律协示范文本；需人工或可用网络环境下载核验正文。
10,tort,机动车交通事故责任纠纷,机动车交通事故责任纠纷起诉状/答辩状,https://www.sdcourt.gov.cn/dzpyfy/393147/393148/393150/43509906/index.html,https://www.sdcourt.gov.cn/dzpyfy/393147/393148/393150/43509906/index.html,https://www.sdcourt.gov.cn/dzpyfy/393147/393148/393150/43509906/index.html,failed,skills/legal-document-drafting/assets/official_reference_only/tort/2025-67-10-机动车交通事故责任纠纷.md,,附件名 机动车交通事故责任纠.doc；已尝试 curl -L --http1.1 -k 和 Python urllib 访问法院站点，当前环境返回 SSL_ERROR_SYSCALL/EOF，未能下载原始附件。,C级来源，地方基层法院转载最高法、司法部、全国律协示范文本；需人工或可用网络环境下载核验正文。
11,commercial,信用卡纠纷,信用卡纠纷起诉状/答辩状,https://www.sdcourt.gov.cn/dzpyfy/393147/393148/393150/43509906/index.html,https://www.sdcourt.gov.cn/dzpyfy/393147/393148/393150/43509906/index.html,https://www.sdcourt.gov.cn/dzpyfy/393147/393148/393150/43509906/index.html,failed,skills/legal-document-drafting/assets/official_reference_only/commercial/2025-67-11-信用卡纠纷.md,,附件名 信用卡纠纷.doc；已尝试 curl -L --http1.1 -k 和 Python urllib 访问法院站点，当前环境返回 SSL_ERROR_SYSCALL/EOF，未能下载原始附件。,C级来源，地方基层法院转载最高法、司法部、全国律协示范文本；需人工或可用网络环境下载核验正文。
12,commercial,物业服务合同纠纷,物业服务合同纠纷起诉状/答辩状,https://www.sdcourt.gov.cn/dzpyfy/393147/393148/393150/43509906/index.html,https://www.sdcourt.gov.cn/dzpyfy/393147/393148/393150/43509906/index.html,https://www.sdcourt.gov.cn/dzpyfy/393147/393148/393150/43509906/index.html,failed,skills/legal-document-drafting/assets/official_reference_only/commercial/2025-67-12-物业服务合同纠纷.md,,附件名 物业服务合同纠纷.doc；已尝试 curl -L --http1.1 -k 和 Python urllib 访问法院站点，当前环境返回 SSL_ERROR_SYSCALL/EOF，未能下载原始附件。,C级来源，地方基层法院转载最高法、司法部、全国律协示范文本；需人工或可用网络环境下载核验正文。
13,commercial,财产损失保险合同纠纷,财产损失保险合同纠纷起诉状/答辩状,https://www.sdcourt.gov.cn/dzpyfy/393147/393148/393150/43509906/index.html,https://www.sdcourt.gov.cn/dzpyfy/393147/393148/393150/43509906/index.html,https://www.sdcourt.gov.cn/dzpyfy/393147/393148/393150/43509906/index.html,failed,skills/legal-document-drafting/assets/official_reference_only/commercial/2025-67-13-财产损失保险合同纠纷.md,,附件名 财产损失保险合同纠纷.doc；已尝试 curl -L --http1.1 -k 和 Python urllib 访问法院站点，当前环境返回 SSL_ERROR_SYSCALL/EOF，未能下载原始附件。,C级来源，地方基层法院转载最高法、司法部、全国律协示范文本；需人工或可用网络环境下载核验正文。
14,commercial,证券虚假陈述责任纠纷,证券虚假陈述责任纠纷起诉状/答辩状,https://www.sdcourt.gov.cn/dzpyfy/393147/393148/393150/43509906/index.html,https://www.sdcourt.gov.cn/dzpyfy/393147/393148/393150/43509906/index.html,https://www.sdcourt.gov.cn/dzpyfy/393147/393148/393150/43509906/index.html,failed,skills/legal-document-drafting/assets/official_reference_only/commercial/2025-67-14-证券虚假陈述责任纠纷.md,,附件名 证券虚假陈述责任纠纷.doc；已尝试 curl -L --http1.1 -k 和 Python urllib 访问法院站点，当前环境返回 SSL_ERROR_SYSCALL/EOF，未能下载原始附件。,C级来源，地方基层法院转载最高法、司法部、全国律协示范文本；需人工或可用网络环境下载核验正文。
15,commercial,保证保险合同纠纷,保证保险合同纠纷起诉状/答辩状,https://www.sdcourt.gov.cn/dzpyfy/393147/393148/393150/43509906/index.html,https://www.sdcourt.gov.cn/dzpyfy/393147/393148/393150/43509906/index.html,https://www.sdcourt.gov.cn/dzpyfy/393147/393148/393150/43509906/index.html,failed,skills/legal-document-drafting/assets/official_reference_only/commercial/2025-67-15-保证保险合同纠纷.md,,附件名 保证保险合同纠纷.doc；已尝试 curl -L --http1.1 -k 和 Python urllib 访问法院站点，当前环境返回 SSL_ERROR_SYSCALL/EOF，未能下载原始附件。,C级来源，地方基层法院转载最高法、司法部、全国律协示范文本；需人工或可用网络环境下载核验正文。
16,commercial,融资租赁合同纠纷,融资租赁合同纠纷起诉状/答辩状,https://www.sdcourt.gov.cn/dzpyfy/393147/393148/393150/43509906/index.html,https://www.sdcourt.gov.cn/dzpyfy/393147/393148/393150/43509906/index.html,https://www.sdcourt.gov.cn/dzpyfy/393147/393148/393150/43509906/index.html,failed,skills/legal-document-drafting/assets/official_reference_only/commercial/2025-67-16-融资租赁合同纠纷.md,,附件名 融资租赁合同纠纷.doc；已尝试 curl -L --http1.1 -k 和 Python urllib 访问法院站点，当前环境返回 SSL_ERROR_SYSCALL/EOF，未能下载原始附件。,C级来源，地方基层法院转载最高法、司法部、全国律协示范文本；需人工或可用网络环境下载核验正文。
17,commercial,房屋买卖合同纠纷,房屋买卖合同纠纷起诉状/答辩状,https://www.sdcourt.gov.cn/dzpyfy/393147/393148/393150/43509906/index.html,https://www.sdcourt.gov.cn/dzpyfy/393147/393148/393150/43509906/index.html,https://www.sdcourt.gov.cn/dzpyfy/393147/393148/393150/43509906/index.html,failed,skills/legal-document-drafting/assets/official_reference_only/commercial/2025-67-17-房屋买卖合同纠纷.md,,附件名 房屋买卖合同纠纷.doc；已尝试 curl -L --http1.1 -k 和 Python urllib 访问法院站点，当前环境返回 SSL_ERROR_SYSCALL/EOF，未能下载原始附件。,C级来源，地方基层法院转载最高法、司法部、全国律协示范文本；需人工或可用网络环境下载核验正文。
18,commercial,房屋租赁合同纠纷,房屋租赁合同纠纷起诉状/答辩状,https://www.sdcourt.gov.cn/dzpyfy/393147/393148/393150/43509906/index.html,https://www.sdcourt.gov.cn/dzpyfy/393147/393148/393150/43509906/index.html,https://www.sdcourt.gov.cn/dzpyfy/393147/393148/393150/43509906/index.html,failed,skills/legal-document-drafting/assets/official_reference_only/commercial/2025-67-18-房屋租赁合同纠纷.md,,附件名 房屋租赁合同纠纷.doc；已尝试 curl -L --http1.1 -k 和 Python urllib 访问法院站点，当前环境返回 SSL_ERROR_SYSCALL/EOF，未能下载原始附件。,C级来源，地方基层法院转载最高法、司法部、全国律协示范文本；需人工或可用网络环境下载核验正文。
19,commercial,建设工程施工合同纠纷,建设工程施工合同纠纷起诉状/答辩状,https://www.sdcourt.gov.cn/dzpyfy/393147/393148/393150/43509906/index.html,https://www.sdcourt.gov.cn/dzpyfy/393147/393148/393150/43509906/index.html,https://www.sdcourt.gov.cn/dzpyfy/393147/393148/393150/43509906/index.html,failed,skills/legal-document-drafting/assets/official_reference_only/commercial/2025-67-19-建设工程施工合同纠纷.md,,附件名 建设工程施工合同纠纷.doc；已尝试 curl -L --http1.1 -k 和 Python urllib 访问法院站点，当前环境返回 SSL_ERROR_SYSCALL/EOF，未能下载原始附件。,C级来源，地方基层法院转载最高法、司法部、全国律协示范文本；需人工或可用网络环境下载核验正文。
20,commercial,人身保险合同纠纷,人身保险合同纠纷起诉状/答辩状,https://www.sdcourt.gov.cn/dzpyfy/393147/393148/393150/43509906/index.html,https://www.sdcourt.gov.cn/dzpyfy/393147/393148/393150/43509906/index.html,https://www.sdcourt.gov.cn/dzpyfy/393147/393148/393150/43509906/index.html,failed,skills/legal-document-drafting/assets/official_reference_only/commercial/2025-67-20-人身保险合同纠纷.md,,附件名 人身保险合同纠纷.doc；已尝试 curl -L --http1.1 -k 和 Python urllib 访问法院站点，当前环境返回 SSL_ERROR_SYSCALL/EOF，未能下载原始附件。,C级来源，地方基层法院转载最高法、司法部、全国律协示范文本；需人工或可用网络环境下载核验正文。
21,commercial,责任保险合同纠纷,责任保险合同纠纷起诉状/答辩状,https://www.sdcourt.gov.cn/dzpyfy/393147/393148/393150/43509906/index.html,https://www.sdcourt.gov.cn/dzpyfy/393147/393148/393150/43509906/index.html,https://www.sdcourt.gov.cn/dzpyfy/393147/393148/393150/43509906/index.html,failed,skills/legal-document-drafting/assets/official_reference_only/commercial/2025-67-21-责任保险合同纠纷.md,,附件名 责任保险合同纠纷.doc；已尝试 curl -L --http1.1 -k 和 Python urllib 访问法院站点，当前环境返回 SSL_ERROR_SYSCALL/EOF，未能下载原始附件。,C级来源，地方基层法院转载最高法、司法部、全国律协示范文本；需人工或可用网络环境下载核验正文。
22,ip,侵害著作权及邻接权纠纷,侵害著作权及邻接权纠纷起诉状/答辩状,https://www.sdcourt.gov.cn/dzpyfy/393147/393148/393150/43509906/index.html,https://www.sdcourt.gov.cn/dzpyfy/393147/393148/393150/43509906/index.html,https://www.sdcourt.gov.cn/dzpyfy/393147/393148/393150/43509906/index.html,failed,skills/legal-document-drafting/assets/official_reference_only/ip/2025-67-22-侵害著作权及邻接权纠纷.md,,附件名 侵害著作权及邻接权纠纷.doc；已尝试 curl -L --http1.1 -k 和 Python urllib 访问法院站点，当前环境返回 SSL_ERROR_SYSCALL/EOF，未能下载原始附件。,C级来源，地方基层法院转载最高法、司法部、全国律协示范文本；需人工或可用网络环境下载核验正文。
23,ip,侵害商标权纠纷,侵害商标权纠纷起诉状/答辩状,https://www.sdcourt.gov.cn/dzpyfy/393147/393148/393150/43509906/index.html,https://www.sdcourt.gov.cn/dzpyfy/393147/393148/393150/43509906/index.html,https://www.sdcourt.gov.cn/dzpyfy/393147/393148/393150/43509906/index.html,failed,skills/legal-document-drafting/assets/official_reference_only/ip/2025-67-23-侵害商标权纠纷.md,,附件名 侵害商标权纠纷.doc；已尝试 curl -L --http1.1 -k 和 Python urllib 访问法院站点，当前环境返回 SSL_ERROR_SYSCALL/EOF，未能下载原始附件。,C级来源，地方基层法院转载最高法、司法部、全国律协示范文本；需人工或可用网络环境下载核验正文。
24,ip,侵害发明专利权纠纷,侵害发明专利权纠纷起诉状/答辩状,https://www.sdcourt.gov.cn/dzpyfy/393147/393148/393150/43509906/index.html,https://www.sdcourt.gov.cn/dzpyfy/393147/393148/393150/43509906/index.html,https://www.sdcourt.gov.cn/dzpyfy/393147/393148/393150/43509906/index.html,failed,skills/legal-document-drafting/assets/official_reference_only/ip/2025-67-24-侵害发明专利权纠纷.md,,附件名 侵害发明专利权纠纷.doc；已尝试 curl -L --http1.1 -k 和 Python urllib 访问法院站点，当前环境返回 SSL_ERROR_SYSCALL/EOF，未能下载原始附件。,C级来源，地方基层法院转载最高法、司法部、全国律协示范文本；需人工或可用网络环境下载核验正文。
25,ip,侵害外观设计专利权纠纷,侵害外观设计专利权纠纷起诉状/答辩状,https://www.sdcourt.gov.cn/dzpyfy/393147/393148/393150/43509906/index.html,https://www.sdcourt.gov.cn/dzpyfy/393147/393148/393150/43509906/index.html,https://www.sdcourt.gov.cn/dzpyfy/393147/393148/393150/43509906/index.html,failed,skills/legal-document-drafting/assets/official_reference_only/ip/2025-67-25-侵害外观设计专利权纠纷.md,,附件名 侵害外观设计专利权纠纷.doc；已尝试 curl -L --http1.1 -k 和 Python urllib 访问法院站点，当前环境返回 SSL_ERROR_SYSCALL/EOF，未能下载原始附件。,C级来源，地方基层法院转载最高法、司法部、全国律协示范文本；需人工或可用网络环境下载核验正文。
26,ip,侵害植物新品种权纠纷,侵害植物新品种权纠纷起诉状/答辩状,https://www.sdcourt.gov.cn/dzpyfy/393147/393148/393150/43509906/index.html,https://www.sdcourt.gov.cn/dzpyfy/393147/393148/393150/43509906/index.html,https://www.sdcourt.gov.cn/dzpyfy/393147/393148/393150/43509906/index.html,failed,skills/legal-document-drafting/assets/official_reference_only/ip/2025-67-26-侵害植物新品种权纠纷.md,,附件名 侵害植物新品种权纠纷.doc；已尝试 curl -L --http1.1 -k 和 Python urllib 访问法院站点，当前环境返回 SSL_ERROR_SYSCALL/EOF，未能下载原始附件。,C级来源，地方基层法院转载最高法、司法部、全国律协示范文本；需人工或可用网络环境下载核验正文。
27,ip,侵害商业秘密纠纷,侵害商业秘密纠纷起诉状/答辩状,https://www.sdcourt.gov.cn/dzpyfy/393147/393148/393150/43509906/index.html,https://www.sdcourt.gov.cn/dzpyfy/393147/393148/393150/43509906/index.html,https://www.sdcourt.gov.cn/dzpyfy/393147/393148/393150/43509906/index.html,failed,skills/legal-document-drafting/assets/official_reference_only/ip/2025-67-27-侵害商业秘密纠纷.md,,附件名 侵害商业秘密纠纷.doc；已尝试 curl -L --http1.1 -k 和 Python urllib 访问法院站点，当前环境返回 SSL_ERROR_SYSCALL/EOF，未能下载原始附件。,C级来源，地方基层法院转载最高法、司法部、全国律协示范文本；需人工或可用网络环境下载核验正文。
28,ip,技术合同纠纷,技术合同纠纷起诉状/答辩状,https://www.sdcourt.gov.cn/dzpyfy/393147/393148/393150/43509906/index.html,https://www.sdcourt.gov.cn/dzpyfy/393147/393148/393150/43509906/index.html,https://www.sdcourt.gov.cn/dzpyfy/393147/393148/393150/43509906/index.html,failed,skills/legal-document-drafting/assets/official_reference_only/ip/2025-67-28-技术合同纠纷.md,,附件名 技术合同纠纷.doc；已尝试 curl -L --http1.1 -k 和 Python urllib 访问法院站点，当前环境返回 SSL_ERROR_SYSCALL/EOF，未能下载原始附件。,C级来源，地方基层法院转载最高法、司法部、全国律协示范文本；需人工或可用网络环境下载核验正文。
29,ip,不正当竞争纠纷,不正当竞争纠纷起诉状/答辩状,https://www.sdcourt.gov.cn/dzpyfy/393147/393148/393150/43509906/index.html,https://www.sdcourt.gov.cn/dzpyfy/393147/393148/393150/43509906/index.html,https://www.sdcourt.gov.cn/dzpyfy/393147/393148/393150/43509906/index.html,failed,skills/legal-document-drafting/assets/official_reference_only/ip/2025-67-29-不正当竞争纠纷.md,,附件名 不正当竞争纠纷.doc；已尝试 curl -L --http1.1 -k 和 Python urllib 访问法院站点，当前环境返回 SSL_ERROR_SYSCALL/EOF，未能下载原始附件。,C级来源，地方基层法院转载最高法、司法部、全国律协示范文本；需人工或可用网络环境下载核验正文。
30,ip,垄断纠纷,垄断纠纷起诉状/答辩状,https://www.sdcourt.gov.cn/dzpyfy/393147/393148/393150/43509906/index.html,https://www.sdcourt.gov.cn/dzpyfy/393147/393148/393150/43509906/index.html,https://www.sdcourt.gov.cn/dzpyfy/393147/393148/393150/43509906/index.html,failed,skills/legal-document-drafting/assets/official_reference_only/ip/2025-67-30-垄断纠纷.md,,附件名 垄断纠纷.doc；已尝试 curl -L --http1.1 -k 和 Python urllib 访问法院站点，当前环境返回 SSL_ERROR_SYSCALL/EOF，未能下载原始附件。,C级来源，地方基层法院转载最高法、司法部、全国律协示范文本；需人工或可用网络环境下载核验正文。
31,ip,商标申请驳回复审纠纷,商标申请驳回复审纠纷行政起诉状/答辩状,https://www.sdcourt.gov.cn/dzpyfy/393147/393148/393150/43509906/index.html,https://www.sdcourt.gov.cn/dzpyfy/393147/393148/393150/43509906/index.html,https://www.sdcourt.gov.cn/dzpyfy/393147/393148/393150/43509906/index.html,failed,skills/legal-document-drafting/assets/official_reference_only/ip/2025-67-31-商标申请驳回复审纠纷.md,,附件名 商标申请驳回复审纠纷.doc；已尝试 curl -L --http1.1 -k 和 Python urllib 访问法院站点，当前环境返回 SSL_ERROR_SYSCALL/EOF，未能下载原始附件。,C级来源，地方基层法院转载最高法、司法部、全国律协示范文本；需人工或可用网络环境下载核验正文。
32,ip,商标撤销复审行政纠纷,商标撤销复审行政纠纷行政起诉状/答辩状,https://www.sdcourt.gov.cn/dzpyfy/393147/393148/393150/43509906/index.html,https://www.sdcourt.gov.cn/dzpyfy/393147/393148/393150/43509906/index.html,https://www.sdcourt.gov.cn/dzpyfy/393147/393148/393150/43509906/index.html,failed,skills/legal-document-drafting/assets/official_reference_only/ip/2025-67-32-商标撤销复审行政纠纷.md,,附件名 商标撤销复审行政纠纷.doc；已尝试 curl -L --http1.1 -k 和 Python urllib 访问法院站点，当前环境返回 SSL_ERROR_SYSCALL/EOF，未能下载原始附件。,C级来源，地方基层法院转载最高法、司法部、全国律协示范文本；需人工或可用网络环境下载核验正文。
33,ip,商标无效行政纠纷,商标无效行政纠纷行政起诉状/答辩状,https://www.sdcourt.gov.cn/dzpyfy/393147/393148/393150/43509906/index.html,https://www.sdcourt.gov.cn/dzpyfy/393147/393148/393150/43509906/index.html,https://www.sdcourt.gov.cn/dzpyfy/393147/393148/393150/43509906/index.html,failed,skills/legal-document-drafting/assets/official_reference_only/ip/2025-67-33-商标无效行政纠纷.md,,附件名 商标无效行政纠纷.doc；已尝试 curl -L --http1.1 -k 和 Python urllib 访问法院站点，当前环境返回 SSL_ERROR_SYSCALL/EOF，未能下载原始附件。,C级来源，地方基层法院转载最高法、司法部、全国律协示范文本；需人工或可用网络环境下载核验正文。
34,ip,专利申请驳回复审行政纠纷,专利申请驳回复审行政纠纷行政起诉状/答辩状,https://www.sdcourt.gov.cn/dzpyfy/393147/393148/393150/43509906/index.html,https://www.sdcourt.gov.cn/dzpyfy/393147/393148/393150/43509906/index.html,https://www.sdcourt.gov.cn/dzpyfy/393147/393148/393150/43509906/index.html,failed,skills/legal-document-drafting/assets/official_reference_only/ip/2025-67-34-专利申请驳回复审行政纠纷.md,,附件名 专利申请驳回复审行政纠纷.doc；已尝试 curl -L --http1.1 -k 和 Python urllib 访问法院站点，当前环境返回 SSL_ERROR_SYSCALL/EOF，未能下载原始附件。,C级来源，地方基层法院转载最高法、司法部、全国律协示范文本；需人工或可用网络环境下载核验正文。
35,ip,专利无效行政纠纷,专利无效行政纠纷行政起诉状/答辩状,https://www.sdcourt.gov.cn/dzpyfy/393147/393148/393150/43509906/index.html,https://www.sdcourt.gov.cn/dzpyfy/393147/393148/393150/43509906/index.html,https://www.sdcourt.gov.cn/dzpyfy/393147/393148/393150/43509906/index.html,failed,skills/legal-document-drafting/assets/official_reference_only/ip/2025-67-35-专利无效行政纠纷.md,,附件名 专利无效行政纠纷.doc；已尝试 curl -L --http1.1 -k 和 Python urllib 访问法院站点，当前环境返回 SSL_ERROR_SYSCALL/EOF，未能下载原始附件。,C级来源，地方基层法院转载最高法、司法部、全国律协示范文本；需人工或可用网络环境下载核验正文。
36,maritime,船舶碰撞损害责任纠纷,船舶碰撞损害责任纠纷起诉状/答辩状,https://www.sdcourt.gov.cn/dzpyfy/393147/393148/393150/43509906/index.html,https://www.sdcourt.gov.cn/dzpyfy/393147/393148/393150/43509906/index.html,https://www.sdcourt.gov.cn/dzpyfy/393147/393148/393150/43509906/index.html,failed,skills/legal-document-drafting/assets/official_reference_only/maritime/2025-67-36-船舶碰撞损害责任纠纷.md,,附件名 船舶碰撞损害责任纠纷.doc；已尝试 curl -L --http1.1 -k 和 Python urllib 访问法院站点，当前环境返回 SSL_ERROR_SYSCALL/EOF，未能下载原始附件。,C级来源，地方基层法院转载最高法、司法部、全国律协示范文本；需人工或可用网络环境下载核验正文。
37,maritime,船员劳务合同纠纷,船员劳务合同纠纷起诉状/答辩状,https://www.sdcourt.gov.cn/dzpyfy/393147/393148/393150/43509906/index.html,https://www.sdcourt.gov.cn/dzpyfy/393147/393148/393150/43509906/index.html,https://www.sdcourt.gov.cn/dzpyfy/393147/393148/393150/43509906/index.html,failed,skills/legal-document-drafting/assets/official_reference_only/maritime/2025-67-37-船员劳务合同纠纷.md,,附件名 船员劳务合同纠纷.doc；已尝试 curl -L --http1.1 -k 和 Python urllib 访问法院站点，当前环境返回 SSL_ERROR_SYSCALL/EOF，未能下载原始附件。,C级来源，地方基层法院转载最高法、司法部、全国律协示范文本；需人工或可用网络环境下载核验正文。
38,maritime,海上、通海水域货运代理合同纠纷,海上、通海水域货运代理合同纠纷起诉状/答辩状,https://www.sdcourt.gov.cn/dzpyfy/393147/393148/393150/43509906/index.html,https://www.sdcourt.gov.cn/dzpyfy/393147/393148/393150/43509906/index.html,https://www.sdcourt.gov.cn/dzpyfy/393147/393148/393150/43509906/index.html,failed,skills/legal-document-drafting/assets/official_reference_only/maritime/2025-67-38-海上-通海水域货运代理合同纠纷.md,,附件名 海上、通海水域货运代理合同纠纷.doc；已尝试 curl -L --http1.1 -k 和 Python urllib 访问法院站点，当前环境返回 SSL_ERROR_SYSCALL/EOF，未能下载原始附件。,C级来源，地方基层法院转载最高法、司法部、全国律协示范文本；需人工或可用网络环境下载核验正文。
39,maritime,海上、通海水域人身损害责任纠纷,海上、通海水域人身损害责任纠纷起诉状/答辩状,https://www.sdcourt.gov.cn/dzpyfy/393147/393148/393150/43509906/index.html,https://www.sdcourt.gov.cn/dzpyfy/393147/393148/393150/43509906/index.html,https://www.sdcourt.gov.cn/dzpyfy/393147/393148/393150/43509906/index.html,failed,skills/legal-document-drafting/assets/official_reference_only/maritime/2025-67-39-海上-通海水域人身损害责任纠纷.md,,附件名 海上、通海水域人身损害责任纠纷.doc；已尝试 curl -L --http1.1 -k 和 Python urllib 访问法院站点，当前环境返回 SSL_ERROR_SYSCALL/EOF，未能下载原始附件。,C级来源，地方基层法院转载最高法、司法部、全国律协示范文本；需人工或可用网络环境下载核验正文。
40,administrative,行政处罚,行政处罚行政起诉状/答辩状,https://www.sdcourt.gov.cn/dzpyfy/393147/393148/393150/43509906/index.html,https://www.sdcourt.gov.cn/dzpyfy/393147/393148/393150/43509906/index.html,https://www.sdcourt.gov.cn/dzpyfy/393147/393148/393150/43509906/index.html,failed,skills/legal-document-drafting/assets/official_reference_only/administrative/2025-67-40-行政处罚.md,,附件名 行政处罚.docx；已尝试 curl -L --http1.1 -k 和 Python urllib 访问法院站点，当前环境返回 SSL_ERROR_SYSCALL/EOF，未能下载原始附件。,C级来源，地方基层法院转载最高法、司法部、全国律协示范文本；需人工或可用网络环境下载核验正文。
41,administrative,行政强制执行,行政强制执行行政起诉状/答辩状,https://www.sdcourt.gov.cn/dzpyfy/393147/393148/393150/43509906/index.html,https://www.sdcourt.gov.cn/dzpyfy/393147/393148/393150/43509906/index.html,https://www.sdcourt.gov.cn/dzpyfy/393147/393148/393150/43509906/index.html,failed,skills/legal-document-drafting/assets/official_reference_only/administrative/2025-67-41-行政强制执行.md,,附件名 行政强制执行.docx；已尝试 curl -L --http1.1 -k 和 Python urllib 访问法院站点，当前环境返回 SSL_ERROR_SYSCALL/EOF，未能下载原始附件。,C级来源，地方基层法院转载最高法、司法部、全国律协示范文本；需人工或可用网络环境下载核验正文。
42,administrative,行政许可,行政许可行政起诉状/答辩状,https://www.sdcourt.gov.cn/dzpyfy/393147/393148/393150/43509906/index.html,https://www.sdcourt.gov.cn/dzpyfy/393147/393148/393150/43509906/index.html,https://www.sdcourt.gov.cn/dzpyfy/393147/393148/393150/43509906/index.html,failed,skills/legal-document-drafting/assets/official_reference_only/administrative/2025-67-42-行政许可.md,,附件名 行政许可.docx；已尝试 curl -L --http1.1 -k 和 Python urllib 访问法院站点，当前环境返回 SSL_ERROR_SYSCALL/EOF，未能下载原始附件。,C级来源，地方基层法院转载最高法、司法部、全国律协示范文本；需人工或可用网络环境下载核验正文。
43,administrative,国有土地上房屋征收决定,国有土地上房屋征收决定行政起诉状/答辩状,https://www.sdcourt.gov.cn/dzpyfy/393147/393148/393150/43509906/index.html,https://www.sdcourt.gov.cn/dzpyfy/393147/393148/393150/43509906/index.html,https://www.sdcourt.gov.cn/dzpyfy/393147/393148/393150/43509906/index.html,failed,skills/legal-document-drafting/assets/official_reference_only/administrative/2025-67-43-国有土地上房屋征收决定.md,,附件名 国有土地上房屋征收决定.docx；已尝试 curl -L --http1.1 -k 和 Python urllib 访问法院站点，当前环境返回 SSL_ERROR_SYSCALL/EOF，未能下载原始附件。,C级来源，地方基层法院转载最高法、司法部、全国律协示范文本；需人工或可用网络环境下载核验正文。
44,administrative,工伤保险资格或者待遇认定,工伤保险资格或者待遇认定行政起诉状/答辩状,https://www.sdcourt.gov.cn/dzpyfy/393147/393148/393150/43509906/index.html,https://www.sdcourt.gov.cn/dzpyfy/393147/393148/393150/43509906/index.html,https://www.sdcourt.gov.cn/dzpyfy/393147/393148/393150/43509906/index.html,failed,skills/legal-document-drafting/assets/official_reference_only/administrative/2025-67-44-工伤保险资格或者待遇认定.md,,附件名 工伤保险资格或者待遇认定.docx；已尝试 curl -L --http1.1 -k 和 Python urllib 访问法院站点，当前环境返回 SSL_ERROR_SYSCALL/EOF，未能下载原始附件。,C级来源，地方基层法院转载最高法、司法部、全国律协示范文本；需人工或可用网络环境下载核验正文。
45,administrative,政府信息公开,政府信息公开行政起诉状/答辩状,https://www.sdcourt.gov.cn/dzpyfy/393147/393148/393150/43509906/index.html,https://www.sdcourt.gov.cn/dzpyfy/393147/393148/393150/43509906/index.html,https://www.sdcourt.gov.cn/dzpyfy/393147/393148/393150/43509906/index.html,failed,skills/legal-document-drafting/assets/official_reference_only/administrative/2025-67-45-政府信息公开.md,,附件名 政府信息公开.docx；已尝试 curl -L --http1.1 -k 和 Python urllib 访问法院站点，当前环境返回 SSL_ERROR_SYSCALL/EOF，未能下载原始附件。,C级来源，地方基层法院转载最高法、司法部、全国律协示范文本；需人工或可用网络环境下载核验正文。
46,administrative,行政复议,行政复议行政起诉状/答辩状,https://www.sdcourt.gov.cn/dzpyfy/393147/393148/393150/43509906/index.html,https://www.sdcourt.gov.cn/dzpyfy/393147/393148/393150/43509906/index.html,https://www.sdcourt.gov.cn/dzpyfy/393147/393148/393150/43509906/index.html,failed,skills/legal-document-drafting/assets/official_reference_only/administrative/2025-67-46-行政复议.md,,附件名 行政复议.docx；已尝试 curl -L --http1.1 -k 和 Python urllib 访问法院站点，当前环境返回 SSL_ERROR_SYSCALL/EOF，未能下载原始附件。,C级来源，地方基层法院转载最高法、司法部、全国律协示范文本；需人工或可用网络环境下载核验正文。
47,administrative,行政协议,行政协议行政起诉状/答辩状,https://www.sdcourt.gov.cn/dzpyfy/393147/393148/393150/43509906/index.html,https://www.sdcourt.gov.cn/dzpyfy/393147/393148/393150/43509906/index.html,https://www.sdcourt.gov.cn/dzpyfy/393147/393148/393150/43509906/index.html,failed,skills/legal-document-drafting/assets/official_reference_only/administrative/2025-67-47-行政协议.md,,附件名 行政协议.docx；已尝试 curl -L --http1.1 -k 和 Python urllib 访问法院站点，当前环境返回 SSL_ERROR_SYSCALL/EOF，未能下载原始附件。,C级来源，地方基层法院转载最高法、司法部、全国律协示范文本；需人工或可用网络环境下载核验正文。
48,administrative,行政补偿,行政补偿行政起诉状/答辩状,https://www.sdcourt.gov.cn/dzpyfy/393147/393148/393150/43509906/index.html,https://www.sdcourt.gov.cn/dzpyfy/393147/393148/393150/43509906/index.html,https://www.sdcourt.gov.cn/dzpyfy/393147/393148/393150/43509906/index.html,failed,skills/legal-document-drafting/assets/official_reference_only/administrative/2025-67-48-行政补偿.md,,附件名 行政补偿.docx；已尝试 curl -L --http1.1 -k 和 Python urllib 访问法院站点，当前环境返回 SSL_ERROR_SYSCALL/EOF，未能下载原始附件。,C级来源，地方基层法院转载最高法、司法部、全国律协示范文本；需人工或可用网络环境下载核验正文。
49,administrative,行政赔偿,行政赔偿行政起诉状/答辩状,https://www.sdcourt.gov.cn/dzpyfy/393147/393148/393150/43509906/index.html,https://www.sdcourt.gov.cn/dzpyfy/393147/393148/393150/43509906/index.html,https://www.sdcourt.gov.cn/dzpyfy/393147/393148/393150/43509906/index.html,failed,skills/legal-document-drafting/assets/official_reference_only/administrative/2025-67-49-行政赔偿.md,,附件名 行政赔偿.docx；已尝试 curl -L --http1.1 -k 和 Python urllib 访问法院站点，当前环境返回 SSL_ERROR_SYSCALL/EOF，未能下载原始附件。,C级来源，地方基层法院转载最高法、司法部、全国律协示范文本；需人工或可用网络环境下载核验正文。
50,administrative,不履行法定职责,不履行法定职责行政起诉状/答辩状,https://www.sdcourt.gov.cn/dzpyfy/393147/393148/393150/43509906/index.html,https://www.sdcourt.gov.cn/dzpyfy/393147/393148/393150/43509906/index.html,https://www.sdcourt.gov.cn/dzpyfy/393147/393148/393150/43509906/index.html,failed,skills/legal-document-drafting/assets/official_reference_only/administrative/2025-67-50-不履行法定职责.md,,附件名 不履行法定职.docx；已尝试 curl -L --http1.1 -k 和 Python urllib 访问法院站点，当前环境返回 SSL_ERROR_SYSCALL/EOF，未能下载原始附件。,C级来源，地方基层法院转载最高法、司法部、全国律协示范文本；需人工或可用网络环境下载核验正文。
51,administrative,行政答辩状,行政答辩状,https://www.sdcourt.gov.cn/dzpyfy/393147/393148/393150/43509906/index.html,https://www.sdcourt.gov.cn/dzpyfy/393147/393148/393150/43509906/index.html,https://www.sdcourt.gov.cn/dzpyfy/393147/393148/393150/43509906/index.html,failed,skills/legal-document-drafting/assets/official_reference_only/administrative/2025-67-51-行政答辩状.md,,附件名 行政答辩状.docx；已尝试 curl -L --http1.1 -k 和 Python urllib 访问法院站点，当前环境返回 SSL_ERROR_SYSCALL/EOF，未能下载原始附件。,C级来源，地方基层法院转载最高法、司法部、全国律协示范文本；需人工或可用网络环境下载核验正文。
52,environmental_resources,环境污染民事公益诉讼,环境污染民事公益诉讼起诉状,https://www.sdcourt.gov.cn/dzpyfy/393147/393148/393150/43509906/index.html,https://www.sdcourt.gov.cn/dzpyfy/393147/393148/393150/43509906/index.html,https://www.sdcourt.gov.cn/dzpyfy/393147/393148/393150/43509906/index.html,failed,skills/legal-document-drafting/assets/official_reference_only/environmental_resources/2025-67-52-环境污染民事公益诉讼.md,,附件名 民事起诉状(环境污染民事公益诉讼).docx；已尝试 curl -L --http1.1 -k 和 Python urllib 访问法院站点，当前环境返回 SSL_ERROR_SYSCALL/EOF，未能下载原始附件。,C级来源，地方基层法院转载最高法、司法部、全国律协示范文本；需人工或可用网络环境下载核验正文。
53,environmental_resources,生态环境损害赔偿诉讼,生态环境损害赔偿诉讼起诉状,https://www.sdcourt.gov.cn/dzpyfy/393147/393148/393150/43509906/index.html,https://www.sdcourt.gov.cn/dzpyfy/393147/393148/393150/43509906/index.html,https://www.sdcourt.gov.cn/dzpyfy/393147/393148/393150/43509906/index.html,failed,skills/legal-document-drafting/assets/official_reference_only/environmental_resources/2025-67-53-生态环境损害赔偿诉讼.md,,附件名 民事起诉状(生态环境损害赔偿诉讼).docx；已尝试 curl -L --http1.1 -k 和 Python urllib 访问法院站点，当前环境返回 SSL_ERROR_SYSCALL/EOF，未能下载原始附件。,C级来源，地方基层法院转载最高法、司法部、全国律协示范文本；需人工或可用网络环境下载核验正文。
54,environmental_resources,生态破坏民事公益诉讼,生态破坏民事公益诉讼起诉状,https://www.sdcourt.gov.cn/dzpyfy/393147/393148/393150/43509906/index.html,https://www.sdcourt.gov.cn/dzpyfy/393147/393148/393150/43509906/index.html,https://www.sdcourt.gov.cn/dzpyfy/393147/393148/393150/43509906/index.html,failed,skills/legal-document-drafting/assets/official_reference_only/environmental_resources/2025-67-54-生态破坏民事公益诉讼.md,,附件名 民事起诉状(生态破坏民事公益诉讼).docx；已尝试 curl -L --http1.1 -k 和 Python urllib 访问法院站点，当前环境返回 SSL_ERROR_SYSCALL/EOF，未能下载原始附件。,C级来源，地方基层法院转载最高法、司法部、全国律协示范文本；需人工或可用网络环境下载核验正文。
55,state_compensation,违法刑事拘留赔偿,违法刑事拘留赔偿国家赔偿申请书/答辩状,https://www.sdcourt.gov.cn/dzpyfy/393147/393148/393150/43509906/index.html,https://www.sdcourt.gov.cn/dzpyfy/393147/393148/393150/43509906/index.html,https://www.sdcourt.gov.cn/dzpyfy/393147/393148/393150/43509906/index.html,failed,skills/legal-document-drafting/assets/official_reference_only/state_compensation/2025-67-55-违法刑事拘留赔偿.md,,附件名 违法刑事拘留赔偿.docx；已尝试 curl -L --http1.1 -k 和 Python urllib 访问法院站点，当前环境返回 SSL_ERROR_SYSCALL/EOF，未能下载原始附件。,C级来源，地方基层法院转载最高法、司法部、全国律协示范文本；需人工或可用网络环境下载核验正文。
56,state_compensation,刑事改判无罪赔偿,刑事改判无罪赔偿国家赔偿申请书/答辩状,https://www.sdcourt.gov.cn/dzpyfy/393147/393148/393150/43509906/index.html,https://www.sdcourt.gov.cn/dzpyfy/393147/393148/393150/43509906/index.html,https://www.sdcourt.gov.cn/dzpyfy/393147/393148/393150/43509906/index.html,failed,skills/legal-document-drafting/assets/official_reference_only/state_compensation/2025-67-56-刑事改判无罪赔偿.md,,附件名 刑事改判无罪赔偿.docx；已尝试 curl -L --http1.1 -k 和 Python urllib 访问法院站点，当前环境返回 SSL_ERROR_SYSCALL/EOF，未能下载原始附件。,C级来源，地方基层法院转载最高法、司法部、全国律协示范文本；需人工或可用网络环境下载核验正文。
57,state_compensation,怠于履行监管职责致伤致死赔偿,怠于履行监管职责致伤致死赔偿国家赔偿申请书/答辩状,https://www.sdcourt.gov.cn/dzpyfy/393147/393148/393150/43509906/index.html,https://www.sdcourt.gov.cn/dzpyfy/393147/393148/393150/43509906/index.html,https://www.sdcourt.gov.cn/dzpyfy/393147/393148/393150/43509906/index.html,failed,skills/legal-document-drafting/assets/official_reference_only/state_compensation/2025-67-57-怠于履行监管职责致伤致死赔偿.md,,附件名 怠于履行监管职责致伤致死赔偿.docx；已尝试 curl -L --http1.1 -k 和 Python urllib 访问法院站点，当前环境返回 SSL_ERROR_SYSCALL/EOF，未能下载原始附件。,C级来源，地方基层法院转载最高法、司法部、全国律协示范文本；需人工或可用网络环境下载核验正文。
58,state_compensation,错误执行赔偿,错误执行赔偿国家赔偿申请书/答辩状,https://www.sdcourt.gov.cn/dzpyfy/393147/393148/393150/43509906/index.html,https://www.sdcourt.gov.cn/dzpyfy/393147/393148/393150/43509906/index.html,https://www.sdcourt.gov.cn/dzpyfy/393147/393148/393150/43509906/index.html,failed,skills/legal-document-drafting/assets/official_reference_only/state_compensation/2025-67-58-错误执行赔偿.md,,附件名 错误执行赔偿.docx；已尝试 curl -L --http1.1 -k 和 Python urllib 访问法院站点，当前环境返回 SSL_ERROR_SYSCALL/EOF，未能下载原始附件。,C级来源，地方基层法院转载最高法、司法部、全国律协示范文本；需人工或可用网络环境下载核验正文。
59,enforcement,强制执行申请书,强制执行申请书,https://www.sdcourt.gov.cn/dzpyfy/393147/393148/393150/43509906/index.html,https://www.sdcourt.gov.cn/dzpyfy/393147/393148/393150/43509906/index.html,https://www.sdcourt.gov.cn/dzpyfy/393147/393148/393150/43509906/index.html,failed,skills/legal-document-drafting/assets/official_reference_only/enforcement/2025-67-59-强制执行申请书.md,,附件名 强制执行申请书.docx；已尝试 curl -L --http1.1 -k 和 Python urllib 访问法院站点，当前环境返回 SSL_ERROR_SYSCALL/EOF，未能下载原始附件。,C级来源，地方基层法院转载最高法、司法部、全国律协示范文本；需人工或可用网络环境下载核验正文。
60,enforcement,暂时解除乘坐飞机、高铁限制措施申请书,暂时解除乘坐飞机、高铁限制措施申请书,https://www.sdcourt.gov.cn/dzpyfy/393147/393148/393150/43509906/index.html,https://www.sdcourt.gov.cn/dzpyfy/393147/393148/393150/43509906/index.html,https://www.sdcourt.gov.cn/dzpyfy/393147/393148/393150/43509906/index.html,failed,skills/legal-document-drafting/assets/official_reference_only/enforcement/2025-67-60-暂时解除乘坐飞机-高铁限制措施申请书.md,,附件名 暂时解除乘坐飞机、高铁限制措施申请书.docx；已尝试 curl -L --http1.1 -k 和 Python urllib 访问法院站点，当前环境返回 SSL_ERROR_SYSCALL/EOF，未能下载原始附件。,C级来源，地方基层法院转载最高法、司法部、全国律协示范文本；需人工或可用网络环境下载核验正文。
61,enforcement,参与分配申请书,参与分配申请书,https://www.sdcourt.gov.cn/dzpyfy/393147/393148/393150/43509906/index.html,https://www.sdcourt.gov.cn/dzpyfy/393147/393148/393150/43509906/index.html,https://www.sdcourt.gov.cn/dzpyfy/393147/393148/393150/43509906/index.html,failed,skills/legal-document-drafting/assets/official_reference_only/enforcement/2025-67-61-参与分配申请书.md,,附件名 参与分配申请书.docx；已尝试 curl -L --http1.1 -k 和 Python urllib 访问法院站点，当前环境返回 SSL_ERROR_SYSCALL/EOF，未能下载原始附件。,C级来源，地方基层法院转载最高法、司法部、全国律协示范文本；需人工或可用网络环境下载核验正文。
62,enforcement,执行担保申请书,执行担保申请书,https://www.sdcourt.gov.cn/dzpyfy/393147/393148/393150/43509906/index.html,https://www.sdcourt.gov.cn/dzpyfy/393147/393148/393150/43509906/index.html,https://www.sdcourt.gov.cn/dzpyfy/393147/393148/393150/43509906/index.html,failed,skills/legal-document-drafting/assets/official_reference_only/enforcement/2025-67-62-执行担保申请书.md,,附件名 执行担保申请书.docx；已尝试 curl -L --http1.1 -k 和 Python urllib 访问法院站点，当前环境返回 SSL_ERROR_SYSCALL/EOF，未能下载原始附件。,C级来源，地方基层法院转载最高法、司法部、全国律协示范文本；需人工或可用网络环境下载核验正文。
63,enforcement,确认优先购买权申请书,确认优先购买权申请书,https://www.sdcourt.gov.cn/dzpyfy/393147/393148/393150/43509906/index.html,https://www.sdcourt.gov.cn/dzpyfy/393147/393148/393150/43509906/index.html,https://www.sdcourt.gov.cn/dzpyfy/393147/393148/393150/43509906/index.html,failed,skills/legal-document-drafting/assets/official_reference_only/enforcement/2025-67-63-确认优先购买权申请书.md,,附件名 确认优先购买权申请书.docx；已尝试 curl -L --http1.1 -k 和 Python urllib 访问法院站点，当前环境返回 SSL_ERROR_SYSCALL/EOF，未能下载原始附件。,C级来源，地方基层法院转载最高法、司法部、全国律协示范文本；需人工或可用网络环境下载核验正文。
64,enforcement,执行异议申请书,执行异议申请书,https://www.sdcourt.gov.cn/dzpyfy/393147/393148/393150/43509906/index.html,https://www.sdcourt.gov.cn/dzpyfy/393147/393148/393150/43509906/index.html,https://www.sdcourt.gov.cn/dzpyfy/393147/393148/393150/43509906/index.html,failed,skills/legal-document-drafting/assets/official_reference_only/enforcement/2025-67-64-执行异议申请书.md,,附件名 执行异议申请书.docx；已尝试 curl -L --http1.1 -k 和 Python urllib 访问法院站点，当前环境返回 SSL_ERROR_SYSCALL/EOF，未能下载原始附件。,C级来源，地方基层法院转载最高法、司法部、全国律协示范文本；需人工或可用网络环境下载核验正文。
65,enforcement,执行复议申请书,执行复议申请书,https://www.sdcourt.gov.cn/dzpyfy/393147/393148/393150/43509906/index.html,https://www.sdcourt.gov.cn/dzpyfy/393147/393148/393150/43509906/index.html,https://www.sdcourt.gov.cn/dzpyfy/393147/393148/393150/43509906/index.html,failed,skills/legal-document-drafting/assets/official_reference_only/enforcement/2025-67-65-执行复议申请书.md,,附件名 执行复议申请书.docx；已尝试 curl -L --http1.1 -k 和 Python urllib 访问法院站点，当前环境返回 SSL_ERROR_SYSCALL/EOF，未能下载原始附件。,C级来源，地方基层法院转载最高法、司法部、全国律协示范文本；需人工或可用网络环境下载核验正文。
66,enforcement,执行监督申请书,执行监督申请书,https://www.sdcourt.gov.cn/dzpyfy/393147/393148/393150/43509906/index.html,https://www.sdcourt.gov.cn/dzpyfy/393147/393148/393150/43509906/index.html,https://www.sdcourt.gov.cn/dzpyfy/393147/393148/393150/43509906/index.html,failed,skills/legal-document-drafting/assets/official_reference_only/enforcement/2025-67-66-执行监督申请书.md,,附件名 执行监督申请书.docx；已尝试 curl -L --http1.1 -k 和 Python urllib 访问法院站点，当前环境返回 SSL_ERROR_SYSCALL/EOF，未能下载原始附件。,C级来源，地方基层法院转载最高法、司法部、全国律协示范文本；需人工或可用网络环境下载核验正文。
67,enforcement,不予执行仲裁裁决、调解书或公证债权文书申请书,不予执行仲裁裁决、调解书或公证债权文书申请书,https://www.sdcourt.gov.cn/dzpyfy/393147/393148/393150/43509906/index.html,https://www.sdcourt.gov.cn/dzpyfy/393147/393148/393150/43509906/index.html,https://www.sdcourt.gov.cn/dzpyfy/393147/393148/393150/43509906/index.html,failed,skills/legal-document-drafting/assets/official_reference_only/enforcement/2025-67-67-不予执行仲裁裁决-调解书或公证债权文书申请书.md,,附件名 不予执行仲裁裁决、调解书或公证债权文书申请书.docx；已尝试 curl -L --http1.1 -k 和 Python urllib 访问法院站点，当前环境返回 SSL_ERROR_SYSCALL/EOF，未能下载原始附件。,C级来源，地方基层法院转载最高法、司法部、全国律协示范文本；需人工或可用网络环境下载核验正文。
